City_ID,City,Country,Date,Lat,Lng,Max Temp,Humidity,Cloudiness,Wind Speed
0,Buenaventura,CO,2021-10-20 23:16:23,3.8801,-77.0312,66.9,94,95,3.11
1,Guerrero Negro,MX,2021-10-20 23:17:52,27.9769,-114.0611,69.91,62,61,12.84
2,Umm Kaddadah,SD,2021-10-20 23:17:52,13.6017,26.6876,87.64,15,97,18.72
3,Tasiilaq,GL,2021-10-20 23:16:12,65.6145,-37.6368,31.69,46,63,10.54
4,Xining,CN,2021-10-20 23:17:52,36.6167,101.7667,38.21,94,100,1.72
5,Bluff,NZ,2021-10-20 23:17:53,-46.6,168.3333,48.74,56,100,3.42
6,Mar Del Plata,AR,2021-10-20 23:16:16,-38.0023,-57.5575,62.1,43,0,3.0
7,Bilma,NE,2021-10-20 23:17:53,18.6853,12.9164,83.07,16,0,9.53
8,Rovaniemi,FI,2021-10-20 23:17:53,66.5,25.7167,29.61,93,90,14.97
9,Albany,US,2021-10-20 23:15:10,42.6001,-73.9662,66.61,68,68,4.88
10,Jamestown,US,2021-10-20 23:15:56,42.097,-79.2353,60.44,63,20,8.05
11,Jizan,SA,2021-10-20 23:17:54,17.3333,42.6667,83.34,65,8,2.86
12,Ponta Do Sol,PT,2021-10-20 23:17:54,32.6667,-17.1,74.03,78,100,6.51
13,Necochea,AR,2021-10-20 23:17:54,-38.5473,-58.7368,62.04,85,1,10.33
14,Mitchell,US,2021-10-20 23:17:55,43.7094,-98.0298,37.74,96,90,5.99
15,Sao Joao Da Barra,BR,2021-10-20 23:17:55,-21.6403,-41.0511,65.35,93,100,12.08
16,Barrow,US,2021-10-20 23:13:17,71.2906,-156.7887,28.42,86,90,21.85
17,Yellowknife,CA,2021-10-20 23:17:55,62.456,-114.3525,44.42,74,20,12.66
18,Ushuaia,AR,2021-10-20 23:17:56,-54.8,-68.3,49.66,40,20,11.5
19,Chapais,CA,2021-10-20 23:14:47,49.7834,-74.8492,38.98,96,100,8.21
20,Mao,ES,2021-10-20 23:17:56,39.8885,4.2658,64.96,82,20,6.91
21,Port Elizabeth,ZA,2021-10-20 23:17:56,-33.918,25.5701,61.09,94,0,3.44
22,Georgetown,MY,2021-10-20 23:15:18,5.4112,100.3354,76.95,94,20,1.01
23,West Wendover,US,2021-10-20 23:15:13,40.7391,-114.0733,52.81,54,1,3.44
24,Rikitea,PF,2021-10-20 23:17:57,-23.1203,-134.9692,74.75,72,25,20.89
25,Uyuni,BO,2021-10-20 23:17:57,-20.4597,-66.825,52.88,5,28,13.29
26,Busselton,AU,2021-10-20 23:17:57,-33.65,115.3333,57.04,73,98,14.56
27,Camacupa,AO,2021-10-20 23:17:58,-12.0167,17.4833,63.55,90,100,4.12
28,Gulu,UG,2021-10-20 23:17:58,2.7746,32.299,65.26,93,100,3.09
29,Hambantota,LK,2021-10-20 23:17:58,6.1241,81.1185,78.58,83,95,8.7
30,Cape Town,ZA,2021-10-20 23:15:09,-33.9258,18.4232,63.09,77,0,4.0
31,Puerto Ayora,EC,2021-10-20 23:17:59,-0.7393,-90.3518,71.01,81,96,12.15
32,New Norfolk,AU,2021-10-20 23:17:59,-42.7826,147.0587,64.89,49,91,1.99
33,Namibe,AO,2021-10-20 23:16:34,-15.1961,12.1522,66.54,91,34,9.78
34,Vaini,TO,2021-10-20 23:16:23,-21.2,-175.2,80.76,78,20,10.36
35,Longyearbyen,SJ,2021-10-20 23:17:59,78.2186,15.6401,12.04,67,0,8.05
36,Quatre Cocos,MU,2021-10-20 23:18:00,-20.2078,57.7625,73.09,82,49,7.83
37,Castro,BR,2021-10-20 23:17:52,-24.7911,-50.0119,52.0,94,59,7.67
38,Eyl,SO,2021-10-20 23:18:00,7.9803,49.8164,77.85,82,67,6.24
39,Saskylakh,RU,2021-10-20 23:18:00,71.9167,114.0833,10.45,98,99,5.57
40,Hermanus,ZA,2021-10-20 23:18:01,-34.4187,19.2345,61.81,86,86,6.58
41,Matadi,CD,2021-10-20 23:16:43,-5.8167,13.45,76.44,82,88,4.47
42,Beloha,MG,2021-10-20 23:18:02,-25.1667,45.05,68.49,88,99,6.24
43,Nanortalik,GL,2021-10-20 23:18:02,60.1432,-45.2371,36.95,69,1,2.64
44,Guayaramerin,BO,2021-10-20 23:18:03,-10.8368,-65.3614,78.1,79,81,2.75
45,Kaoma,ZM,2021-10-20 23:18:03,-14.7833,24.8,65.23,65,28,5.82
46,Qaanaaq,GL,2021-10-20 23:13:51,77.484,-69.3632,16.34,93,83,1.54
47,Jalu,LY,2021-10-20 23:18:03,29.0331,21.5482,70.86,45,10,8.21
48,Punta Arenas,CL,2021-10-20 23:13:09,-53.15,-70.9167,48.31,53,20,12.66
49,Coolum Beach,AU,2021-10-20 23:18:04,-26.5333,153.1,77.11,76,17,4.12
50,Yanam,IN,2021-10-20 23:18:04,16.7333,82.2167,75.79,96,53,2.01
51,Cabedelo,BR,2021-10-20 23:18:05,-6.9811,-34.8339,81.27,79,11,11.77
52,Salisbury,GB,2021-10-20 23:18:05,51.0693,-1.7957,51.67,91,75,25.32
53,Khatanga,RU,2021-10-20 23:18:05,71.9667,102.5,24.46,97,100,5.3
54,Meulaboh,ID,2021-10-20 23:18:06,4.1363,96.1285,74.82,90,100,6.42
55,Mayo,US,2021-10-20 23:18:06,38.8876,-76.5119,69.58,71,1,0.0
56,Port Alfred,ZA,2021-10-20 23:18:06,-33.5906,26.891,62.56,85,27,14.99
57,Varde,DK,2021-10-20 23:18:06,55.6211,8.4807,54.88,91,75,16.11
58,Butembo,CD,2021-10-20 23:18:07,0.15,29.2833,58.93,98,100,2.28
59,Ferrol,ES,2021-10-20 23:18:07,43.4832,-8.2369,60.67,78,97,7.05
60,Kavieng,PG,2021-10-20 23:13:26,-2.5744,150.7967,81.88,77,94,5.86
61,Saint-Philippe,RE,2021-10-20 23:16:45,-21.3585,55.7679,71.19,79,41,10.36
62,Kapaa,US,2021-10-20 23:18:08,22.0752,-159.319,84.18,65,1,1.99
63,Luderitz,NA,2021-10-20 23:18:08,-26.6481,15.1594,55.38,87,44,11.1
64,Inhambane,MZ,2021-10-20 23:18:08,-23.865,35.3833,65.86,75,0,5.77
65,Atuona,PF,2021-10-20 23:18:09,-9.8,-139.0333,76.84,82,14,16.31
66,Storozhevaya,RU,2021-10-20 23:18:09,43.8789,41.4514,34.77,77,13,4.38
67,Faya,SA,2021-10-20 23:18:09,18.3851,42.4509,59.11,29,2,6.73
68,Yakhroma,RU,2021-10-20 23:18:10,56.3,37.4833,41.65,93,100,19.24
69,Ayorou,NE,2021-10-20 23:18:10,14.7308,0.9174,90.54,24,47,5.77
70,Cherskiy,RU,2021-10-20 23:18:10,68.75,161.3,-4.86,100,100,5.66
71,Ust-Nera,RU,2021-10-20 23:18:11,64.5667,143.2,4.71,94,99,1.9
72,Vardo,NO,2021-10-20 23:18:11,70.3705,31.1107,34.57,72,100,26.19
73,Boda,CF,2021-10-20 23:18:11,4.3189,17.4695,69.4,97,100,2.15
74,Shingu,JP,2021-10-20 23:18:12,33.7333,135.9833,58.19,65,100,5.44
75,Motygino,RU,2021-10-20 23:18:12,58.1831,94.7592,33.26,87,97,2.68
76,Mataura,NZ,2021-10-20 23:16:15,-46.1927,168.8643,51.91,51,98,2.48
77,Chokurdakh,RU,2021-10-20 23:18:12,70.6333,147.9167,-16.35,96,91,2.82
78,Butaritari,KI,2021-10-20 23:16:36,3.0707,172.7902,81.32,75,26,10.07
79,Bengkulu,ID,2021-10-20 23:18:13,-3.8004,102.2655,74.21,89,94,3.71
80,Pevek,RU,2021-10-20 23:18:13,69.7008,170.3133,18.57,92,100,13.56
81,Arraial Do Cabo,BR,2021-10-20 23:16:28,-22.9661,-42.0278,62.56,94,75,0.0
82,Samarai,PG,2021-10-20 23:15:49,-10.6167,150.6667,82.74,75,79,7.9
83,East London,ZA,2021-10-20 23:18:13,-33.0153,27.9116,62.49,84,51,13.65
84,Salto,UY,2021-10-20 23:14:35,-31.3833,-57.9667,72.88,51,24,8.25
85,Upernavik,GL,2021-10-20 23:18:14,72.7868,-56.1549,32.67,99,100,9.48
86,Hlobyne,UA,2021-10-20 23:18:14,49.3878,33.2596,50.09,79,91,17.52
87,Intipuca,SV,2021-10-20 23:18:15,13.1969,-88.0544,78.37,91,83,2.77
88,Aksu,CN,2021-10-20 23:18:15,41.1231,80.2644,50.36,30,56,1.68
89,Mahebourg,MU,2021-10-20 23:18:15,-20.4081,57.7,73.26,83,40,5.75
90,Ormond Beach,US,2021-10-20 23:18:16,29.2858,-81.0559,78.03,58,1,6.91
91,Katangli,RU,2021-10-20 23:18:16,51.7102,143.2326,28.11,78,16,7.85
92,Palmer,US,2021-10-20 23:18:16,42.1584,-72.3287,65.03,74,46,4.23
93,Thompson,CA,2021-10-20 23:16:41,55.7435,-97.8558,35.76,41,75,4.61
94,Woodstock,CA,2021-10-20 23:13:29,43.1334,-80.7497,62.65,83,72,5.01
95,Acapulco,MX,2021-10-20 23:15:25,16.8634,-99.8901,85.82,74,75,3.44
96,Isla Mujeres,MX,2021-10-20 23:18:17,21.2311,-86.731,78.85,90,100,11.36
97,Hithadhoo,MV,2021-10-20 23:18:17,-0.6,73.0833,81.09,76,100,10.33
98,Sitka,US,2021-10-20 23:17:01,57.0531,-135.33,53.49,58,90,17.27
99,Kaitangata,NZ,2021-10-20 23:18:17,-46.2817,169.8464,51.75,53,99,3.06
100,Takoradi,GH,2021-10-20 23:18:18,4.8845,-1.7554,77.63,88,73,8.68
101,Airai,TL,2021-10-20 23:18:18,-8.9266,125.4092,70.02,54,98,0.72
102,Nakhon Phanom,TH,2021-10-20 23:18:18,17.3333,104.4167,73.42,89,40,1.57
103,Avarua,CK,2021-10-20 23:16:22,-21.2078,-159.775,77.05,65,75,10.36
104,Killybegs,IE,2021-10-20 23:18:19,54.6333,-8.45,44.46,60,96,23.04
105,Riyadh,SA,2021-10-20 23:14:01,24.6877,46.7219,73.54,21,0,4.94
106,Raha,IN,2021-10-20 23:18:19,26.2333,92.5167,73.56,97,99,2.01
107,Port Said,EG,2021-10-20 23:18:20,31.2565,32.2841,73.27,59,4,11.07
108,Hobart,AU,2021-10-20 23:15:24,-42.8794,147.3294,65.23,58,75,5.99
109,Moranbah,AU,2021-10-20 23:18:20,-22.0016,148.0466,83.71,47,77,12.71
110,Kamina,CD,2021-10-20 23:18:20,-8.7386,24.9906,65.32,89,90,4.34
111,Hami,CN,2021-10-20 23:18:20,42.8,93.45,56.32,19,100,8.03
112,Margate,GB,2021-10-20 23:16:50,51.3813,1.3862,53.69,92,100,5.01
113,Marawi,PH,2021-10-20 23:18:21,7.9986,124.2928,66.65,90,100,1.36
114,Tabou,CI,2021-10-20 23:18:21,4.423,-7.3528,77.23,88,42,7.54
115,Narsaq,GL,2021-10-20 23:18:21,60.9167,-46.05,28.62,36,0,4.21
116,Seydisehir,TR,2021-10-20 23:18:22,37.4193,31.8453,43.83,74,1,3.83
117,Rio Gallegos,AR,2021-10-20 23:18:22,-51.6226,-69.2181,53.65,26,0,8.05
118,Hilo,US,2021-10-20 23:18:22,19.7297,-155.09,80.33,66,40,11.5
119,Iraquara,BR,2021-10-20 23:18:23,-12.2486,-41.6194,74.01,78,100,1.86
120,Bambous Virieux,MU,2021-10-20 23:18:23,-20.3428,57.7575,73.22,83,40,5.75
121,Bredasdorp,ZA,2021-10-20 23:18:23,-34.5322,20.0403,61.29,98,87,4.9
122,Krasnoarmeysk,RU,2021-10-20 23:18:24,51.0239,45.6969,33.3,81,64,7.94
123,Sarkand,KZ,2021-10-20 23:18:24,45.41,79.9186,56.89,22,100,5.99
124,Aguimes,ES,2021-10-20 23:18:24,27.9054,-15.4461,70.02,79,20,21.85
125,Kotma,IN,2021-10-20 23:18:24,23.2,81.9667,65.57,74,51,4.54
126,Broome,US,2021-10-20 23:18:25,42.2506,-75.833,62.78,1,62,2.08
127,Stephenville Crossing,CA,2021-10-20 23:18:25,48.5,-58.4318,48.33,87,90,4.61
128,Camana,PE,2021-10-20 23:18:25,-16.6228,-72.7111,63.28,82,94,8.99
129,Kodiak,US,2021-10-20 23:18:26,57.79,-152.4072,44.11,81,90,9.22
130,San Vicente,AR,2021-10-20 23:18:26,-26.6167,-54.1333,61.27,72,60,3.06
131,Assiniboia,CA,2021-10-20 23:18:26,49.6334,-105.9845,40.82,38,7,12.66
132,Anloga,GH,2021-10-20 23:18:26,5.7947,0.8973,80.85,82,100,11.65
133,Cidreira,BR,2021-10-20 23:17:25,-30.1811,-50.2056,63.37,67,95,16.53
134,Buta,CD,2021-10-20 23:18:27,2.7858,24.73,70.54,99,100,1.05
135,Bairiki,KI,2021-10-20 23:18:27,1.3292,172.9752,87.8,62,20,13.8
136,Kalmunai,LK,2021-10-20 23:18:27,7.4167,81.8167,79.11,84,99,6.98
137,Tual,ID,2021-10-20 23:18:28,-5.6667,132.75,82.65,75,88,3.18
138,Zhigansk,RU,2021-10-20 23:14:06,66.7697,123.3711,19.67,92,86,8.84
139,North Bend,US,2021-10-20 23:15:19,43.4065,-124.2243,62.51,85,75,10.36
140,Ribeira Grande,PT,2021-10-20 23:18:28,38.5167,-28.7,70.21,62,75,4.79
141,Japura,ID,2021-10-20 23:18:29,-0.3167,102.35,70.63,99,88,2.1
142,Tiksi,RU,2021-10-20 23:16:09,71.6872,128.8694,10.92,94,100,5.39
143,Nikolskoye,RU,2021-10-20 23:16:50,59.7035,30.7861,55.29,90,100,17.34
144,Kargasok,RU,2021-10-20 23:18:29,59.0556,80.8572,36.75,89,59,7.34
145,Nahariyya,IL,2021-10-20 23:18:29,33.0059,35.0941,71.6,64,0,4.83
146,Halol,IN,2021-10-20 23:18:30,22.5,73.4667,72.64,63,5,1.59
147,Evensk,RU,2021-10-20 23:18:30,61.95,159.2333,9.95,71,91,9.1
148,Carmo Do Rio Claro,BR,2021-10-20 23:18:30,-20.9719,-46.1189,61.9,88,100,5.01
149,Saint-Georges,GD,2021-10-20 23:18:31,12.0564,-61.7485,80.28,89,40,11.5
150,Sakaiminato,JP,2021-10-20 23:18:31,35.55,133.2333,49.98,93,75,5.75
151,Kavaratti,IN,2021-10-20 23:18:32,10.5669,72.642,81.77,74,98,11.39
152,Sabanagrande,CO,2021-10-20 23:18:32,10.7912,-74.7606,78.39,88,40,0.0
153,Ulsteinvik,NO,2021-10-20 23:18:32,62.3432,5.8487,44.73,89,91,5.01
154,Najran,SA,2021-10-20 23:16:27,17.4924,44.1277,66.85,30,7,3.24
155,Progreso,MX,2021-10-20 23:18:33,21.2833,-89.6667,78.12,80,91,14.12
156,Salalah,OM,2021-10-20 23:17:28,17.0151,54.0924,77.09,78,75,3.44
157,Lampazos De Naranjo,MX,2021-10-20 23:18:33,27.0167,-100.5167,87.42,41,6,10.87
158,Teguise,ES,2021-10-20 23:18:34,29.0605,-13.564,66.42,88,20,6.91
159,Itarema,BR,2021-10-20 23:18:33,-2.9248,-39.9167,80.11,79,100,11.07
160,Bethel,US,2021-10-20 23:14:35,41.3712,-73.414,68.31,73,1,5.75
161,Sunds,DK,2021-10-20 23:18:34,56.2042,9.0127,52.95,93,75,8.05
162,Trinidad,BO,2021-10-20 23:18:35,-14.8333,-64.9,87.78,48,73,3.44
163,Pacific Grove,US,2021-10-20 23:15:33,36.6177,-121.9166,68.2,76,90,1.99
164,Balykshi,KZ,2021-10-20 23:18:35,47.0667,51.8667,32.0,86,32,11.18
165,Mnogovershinnyy,RU,2021-10-20 23:18:35,53.9353,139.9242,20.93,82,38,4.97
166,Novopokrovka,UA,2021-10-20 23:18:36,49.8425,36.5477,48.58,51,100,14.58
167,High Prairie,CA,2021-10-20 23:18:36,55.4334,-116.4858,52.9,39,3,10.25
168,Kitami,JP,2021-10-20 23:18:36,43.8031,143.8908,47.66,95,100,3.15
169,Faanui,PF,2021-10-20 23:13:38,-16.4833,-151.75,78.35,80,14,6.71
170,Karratha,AU,2021-10-20 23:18:03,-20.7377,116.8463,72.95,35,1,9.86
171,Nantucket,US,2021-10-20 23:15:33,41.2835,-70.0995,63.09,83,1,3.44
172,Sola,VU,2021-10-20 23:18:37,-13.8833,167.55,86.67,79,90,11.5
173,Dawlatabad,AF,2021-10-20 23:18:37,36.4141,64.9053,57.4,20,100,3.29
174,Cairns,AU,2021-10-20 23:17:54,-16.9167,145.7667,89.94,83,75,8.05
175,Zhangye,CN,2021-10-20 23:18:37,38.9342,100.4517,40.15,42,1,3.51
176,Lata,PT,2021-10-20 23:18:38,40.1629,-8.3327,61.81,98,21,1.25
177,Kulim,MY,2021-10-20 23:18:38,5.365,100.5618,76.55,96,100,4.12
178,Kaeo,NZ,2021-10-20 23:18:38,-35.1,173.7833,60.33,97,100,7.38
179,Ahipara,NZ,2021-10-20 23:16:19,-35.1667,173.1667,61.48,91,100,10.87
180,Olafsvik,IS,2021-10-20 23:18:39,64.8945,-23.7142,43.47,75,100,22.17
181,Clyde River,CA,2021-10-20 23:18:39,70.4692,-68.5914,28.63,86,40,11.5
182,Sao Filipe,CV,2021-10-20 23:18:40,14.8961,-24.4956,82.26,59,0,10.16
183,Miles City,US,2021-10-20 23:14:15,46.4083,-105.8406,47.37,53,1,11.5
184,Victoria,HK,2021-10-20 23:18:40,22.2855,114.1577,81.25,87,88,1.01
185,Provideniya,RU,2021-10-20 23:16:39,64.3833,-173.3,30.31,69,0,0.0
186,Kholmogory,RU,2021-10-20 23:18:40,64.2229,41.656,28.51,80,100,13.6
187,Magadan,RU,2021-10-20 23:15:44,59.5667,150.8,14.86,42,0,4.59
188,Kirakira,SB,2021-10-20 23:18:41,-10.4544,161.9205,82.76,76,95,11.43
189,Miyang,CN,2021-10-20 23:18:41,24.4042,103.4428,57.52,98,96,4.74
190,Hailar,CN,2021-10-20 23:18:41,49.2,119.7,21.94,96,35,3.04
191,Praia Da Vitoria,PT,2021-10-20 23:18:00,38.7333,-27.0667,64.76,88,20,2.42
192,Beringovskiy,RU,2021-10-20 23:18:42,63.05,179.3167,18.03,74,42,4.63
193,Miramar,US,2021-10-20 23:14:05,25.9873,-80.2323,81.01,66,75,12.66
194,Riachao Das Neves,BR,2021-10-20 23:18:42,-11.7461,-44.91,78.82,60,44,2.71
195,San Felipe,VE,2021-10-20 23:18:42,10.3399,-68.7425,74.28,96,71,3.98
196,Nizwa,OM,2021-10-20 23:18:43,22.9333,57.5333,74.5,60,44,1.3
197,Erzin,TR,2021-10-20 23:18:43,36.9559,36.2,56.12,49,0,2.53
198,Port Hedland,AU,2021-10-20 23:18:43,-20.3167,118.5667,73.45,43,2,9.22
199,Mount Isa,AU,2021-10-20 23:18:44,-20.7333,139.5,85.77,39,40,24.16
200,Celestun,MX,2021-10-20 23:14:55,20.8667,-90.4,80.87,81,78,11.16
201,Tigil,RU,2021-10-20 23:18:44,57.8,158.6667,20.57,71,60,8.79
202,Taldan,RU,2021-10-20 23:18:44,53.6667,124.8,29.71,67,54,5.88
203,Hamilton,US,2021-10-20 23:18:23,39.1834,-84.5333,67.84,64,20,8.05
204,Alibag,IN,2021-10-20 23:18:45,18.6411,72.8792,80.67,78,57,7.18
205,Buala,SB,2021-10-20 23:14:57,-8.145,159.5921,85.1,68,58,5.99
206,Tashla,RU,2021-10-20 23:18:45,51.7716,52.7427,32.02,83,13,8.88
207,Port Hardy,CA,2021-10-20 23:15:06,50.6996,-127.4199,53.78,94,75,3.44
208,Idil,TR,2021-10-20 23:18:45,37.3411,41.8895,60.51,33,0,5.77
209,Barkhan,PK,2021-10-20 23:18:46,29.8977,69.5256,65.91,13,0,3.47
210,Pangnirtung,CA,2021-10-20 23:16:25,66.1451,-65.7125,27.99,68,9,4.54
211,Mercedes,AR,2021-10-20 23:18:46,-34.6515,-59.4307,70.02,54,54,9.35
212,College,US,2021-10-20 23:18:47,64.8569,-147.8028,42.75,58,75,0.0
213,Iralaya,HN,2021-10-20 23:18:47,15.0,-83.2333,84.29,83,80,4.56
214,Port Blair,IN,2021-10-20 23:18:47,11.6667,92.75,80.28,83,100,4.23
215,Ekibastuz,KZ,2021-10-20 23:18:48,51.6667,75.3667,47.97,47,97,11.23
216,Labuhan,ID,2021-10-20 23:18:48,-6.8844,112.2051,79.41,81,63,6.76
217,Cabo San Lucas,MX,2021-10-20 23:16:10,22.8909,-109.9124,88.61,61,20,13.8
218,Mackay,AU,2021-10-20 23:18:48,-21.15,149.2,79.68,72,57,12.37
219,Port Macquarie,AU,2021-10-20 23:18:49,-31.4333,152.9167,67.96,76,92,1.25
220,Vokhma,RU,2021-10-20 23:18:49,58.9303,46.7586,31.21,83,96,11.07
221,Sungai Besar,MY,2021-10-20 23:18:49,3.6746,100.9867,73.45,93,100,6.33
222,Mabaruma,GY,2021-10-20 23:18:49,8.2,-59.7833,77.31,85,25,4.99
223,Sikeston,US,2021-10-20 23:18:50,36.8767,-89.5879,75.13,50,1,4.61
224,Zhanaozen,KZ,2021-10-20 23:18:50,43.3,52.8,40.93,61,21,8.86
225,Tres Arroyos,AR,2021-10-20 23:18:50,-38.3739,-60.2798,62.11,68,12,10.83
226,Yarada,IN,2021-10-20 23:16:58,17.65,83.2667,79.12,100,40,2.3
227,Thinadhoo,MV,2021-10-20 23:17:25,0.5333,72.9333,81.34,76,72,10.29
228,Vao,NC,2021-10-20 23:16:10,-22.6667,167.4833,70.0,94,100,12.93
229,Naze,JP,2021-10-20 23:18:51,28.3667,129.4833,63.52,82,100,11.79
230,Nosy Varika,MG,2021-10-20 23:18:51,-20.5833,48.5333,70.14,85,2,6.26
231,Vila Velha,BR,2021-10-20 23:18:51,-20.3297,-40.2925,66.15,88,75,9.22
232,Agadir,MA,2021-10-20 23:18:52,30.4202,-9.5982,70.25,39,74,0.76
233,Zhangjiakou,CN,2021-10-20 23:18:52,40.81,114.8794,35.51,40,0,5.46
234,Dikson,RU,2021-10-20 23:18:52,73.5069,80.5464,27.93,59,90,12.8
235,Guangyuan,CN,2021-10-20 23:18:53,32.442,105.823,49.17,91,99,4.68
236,Hoi An,VN,2021-10-20 23:18:53,15.8794,108.335,76.96,90,37,5.37
237,Shelburne,CA,2021-10-20 23:18:53,44.0787,-80.2041,57.76,74,67,8.95
238,Vestmannaeyjar,IS,2021-10-20 23:18:53,63.4427,-20.2734,39.54,70,100,16.11
239,Lieksa,FI,2021-10-20 23:18:54,63.3167,30.0167,39.16,98,100,11.32
240,Trelew,AR,2021-10-20 23:18:54,-43.249,-65.3051,75.4,25,44,26.6
241,Kahului,US,2021-10-20 23:14:13,20.8947,-156.47,84.22,64,20,18.41
242,Humaita,BR,2021-10-20 23:18:54,-7.5061,-63.0208,80.53,71,98,2.8
243,Grindavik,IS,2021-10-20 23:18:55,63.8424,-22.4338,43.27,75,75,20.71
244,Fort Nelson,CA,2021-10-20 23:15:06,58.8053,-122.7002,35.19,75,1,2.3
245,High Level,CA,2021-10-20 23:18:55,58.5169,-117.136,46.51,57,1,12.66
246,Nueva Granada,CO,2021-10-20 23:18:56,9.8017,-74.393,78.84,84,74,6.04
247,Tuktoyaktuk,CA,2021-10-20 23:18:56,69.4541,-133.0374,26.6,86,75,5.75
248,Torbay,CA,2021-10-20 23:18:56,47.6666,-52.7314,49.57,96,90,10.36
249,Fuerte Olimpo,PY,2021-10-20 23:18:56,-21.0415,-57.8738,76.8,39,5,6.17
250,Katsuura,JP,2021-10-20 23:18:57,35.1333,140.3,62.11,61,100,9.91
251,Andrews,US,2021-10-20 23:18:57,32.3187,-102.5457,87.28,19,1,0.0
252,Inongo,CD,2021-10-20 23:18:57,-1.95,18.2667,70.86,94,100,4.12
253,Muroto,JP,2021-10-20 23:18:58,33.2833,134.15,57.24,58,100,6.17
254,Sorland,NO,2021-10-20 23:18:58,67.667,12.6934,37.47,95,100,18.45
255,Rio Bananal,BR,2021-10-20 23:18:58,-19.265,-40.3333,65.3,90,100,10.98
256,Saint-Augustin,CA,2021-10-20 23:16:40,51.226,-58.6502,45.48,84,100,12.97
257,Guerrero,MX,2021-10-20 23:18:59,17.6667,-100.0,74.64,85,94,2.48
258,Vostok,RU,2021-10-20 23:18:59,46.4856,135.8833,23.49,63,5,1.97
259,Tansen,NP,2021-10-20 23:18:59,27.8673,83.5467,60.69,97,97,0.76
260,Fortuna,US,2021-10-20 23:15:58,40.5982,-124.1573,64.74,66,1,1.01
261,Beidao,CN,2021-10-20 23:19:00,34.5686,105.8933,43.16,91,98,2.37
262,Morant Bay,JM,2021-10-20 23:19:00,17.8815,-76.4093,77.63,83,74,7.23
263,Jalingo,NG,2021-10-20 23:19:00,8.8833,11.3667,72.48,92,85,2.53
264,Lerwick,GB,2021-10-20 23:17:20,60.1545,-1.1494,41.0,64,95,36.46
265,Taltal,CL,2021-10-20 23:15:57,-25.4,-70.4833,60.1,75,22,5.17
266,Haftoni,AZ,2021-10-20 23:19:01,38.7632,48.7622,55.11,88,90,8.05
267,Harrai,IN,2021-10-20 23:19:01,22.6167,79.2167,65.5,69,7,3.76
268,Leningradskiy,RU,2021-10-20 23:17:44,69.3833,178.4167,25.68,96,100,15.79
269,Goure,NE,2021-10-20 23:19:02,13.9835,10.2704,87.03,17,7,6.2
270,Sadiqabad,PK,2021-10-20 23:19:02,28.3062,70.1307,74.5,37,0,9.48
271,Urumqi,CN,2021-10-20 23:19:03,43.801,87.6005,41.95,49,0,4.47
272,Saint George,US,2021-10-20 23:15:07,37.1041,-113.5841,74.62,24,1,3.0
273,Lebu,CL,2021-10-20 23:16:08,-37.6167,-73.65,54.41,84,79,6.22
274,Marsa Matruh,EG,2021-10-20 23:19:03,31.3525,27.2453,68.88,64,0,10.29
275,Bara,NG,2021-10-20 23:19:04,10.3744,10.7288,74.5,79,69,10.45
276,Chiredzi,ZW,2021-10-20 23:19:04,-21.05,31.6667,62.62,61,0,2.8
277,Ilulissat,GL,2021-10-20 23:19:04,69.2167,-51.1,26.62,68,100,2.3
278,Anadyr,RU,2021-10-20 23:16:45,64.75,177.4833,21.7,93,90,11.18
279,Maumere,ID,2021-10-20 23:19:05,-8.6199,122.2111,81.99,76,98,5.66
280,Carnarvon,AU,2021-10-20 23:19:05,-24.8667,113.6333,68.07,64,90,11.5
281,Villa Carlos Paz,AR,2021-10-20 23:14:14,-31.4241,-64.4978,73.06,27,3,4.03
282,Petropavlovsk-Kamchatskiy,RU,2021-10-20 23:14:10,53.0452,158.6483,28.99,51,0,13.42
283,Coihaique,CL,2021-10-20 23:19:06,-45.5752,-72.0662,49.95,57,40,3.44
284,Forio,IT,2021-10-20 23:19:06,40.7342,13.8646,61.45,66,8,7.14
285,Carlsbad,US,2021-10-20 23:17:52,33.1581,-117.3506,79.86,67,1,5.99
286,Hasaki,JP,2021-10-20 23:19:06,35.7333,140.8333,57.6,54,99,14.23
287,Uyovu,TZ,2021-10-20 23:19:07,-3.2833,31.5258,69.28,67,93,2.17
288,Taoudenni,ML,2021-10-20 23:14:44,22.6783,-3.9836,75.83,23,0,12.17
289,Dodge City,US,2021-10-20 23:19:07,37.7528,-100.0171,64.24,42,1,7.0
290,Cukai,MY,2021-10-20 23:19:07,4.25,103.4167,76.95,89,96,3.51
291,Gannan,CN,2021-10-20 23:19:08,47.9147,123.5031,34.59,58,92,3.29
292,Merrill,US,2021-10-20 23:16:33,45.1805,-89.6835,55.17,97,90,5.75
293,Comodoro Rivadavia,AR,2021-10-20 23:19:08,-45.8667,-67.5,73.26,27,0,21.85
294,Osoyoos,CA,2021-10-20 23:19:09,49.0331,-119.4524,58.59,76,100,3.44
295,San Policarpo,PH,2021-10-20 23:16:56,12.1791,125.5072,81.55,80,88,4.16
296,George,ZA,2021-10-20 23:19:09,-33.963,22.4617,58.55,94,90,11.5
297,Srednekolymsk,RU,2021-10-20 23:19:09,67.45,153.6833,-5.3,94,82,2.01
298,Virden,US,2021-10-20 23:19:09,39.5009,-89.7679,73.85,66,36,13.4
299,Lixourion,GR,2021-10-20 23:19:10,38.2019,20.4314,64.53,73,3,3.47
300,Watertown,US,2021-10-20 23:19:10,42.3709,-71.1828,63.91,79,1,1.01
301,Aleksandrovsk-Sakhalinskiy,RU,2021-10-20 23:19:10,50.8975,142.1561,32.05,71,53,4.21
302,Fairbanks,US,2021-10-20 23:18:33,64.8378,-147.7164,42.76,60,40,5.75
303,Fare,PF,2021-10-20 23:16:22,-16.7,-151.0167,78.71,80,7,8.3
304,Parati,BR,2021-10-20 23:14:26,-23.2178,-44.7131,63.32,96,100,2.55
305,Padang,ID,2021-10-20 23:17:13,-0.9492,100.3543,73.45,90,100,3.2
306,Male,MV,2021-10-20 23:19:11,4.1748,73.5089,81.7,69,53,13.31
307,Camacha,PT,2021-10-20 23:19:11,33.0833,-16.3333,70.56,78,40,8.05
308,Veraval,IN,2021-10-20 23:19:12,20.9,70.3667,76.77,71,10,8.72
309,Hot Springs,US,2021-10-20 23:19:12,34.5037,-93.0552,78.51,56,40,5.01
310,Chuy,UY,2021-10-20 23:19:12,-33.6971,-53.4616,58.23,69,58,9.24
311,Norton,ZW,2021-10-20 23:19:13,-17.8833,30.7,58.32,81,54,7.76
312,Ambulu,ID,2021-10-20 23:19:13,-8.345,113.6058,77.09,86,100,1.86
313,Matara,LK,2021-10-20 23:18:43,5.9485,80.5353,76.84,88,94,5.19
314,Aswan,EG,2021-10-20 23:19:13,24.0934,32.907,74.97,36,0,17.69
315,Alofi,NU,2021-10-20 23:19:14,-19.0595,-169.9187,80.49,61,68,18.41
316,Corner Brook,CA,2021-10-20 23:19:14,48.9667,-57.9484,48.36,95,100,5.44
317,Nichinan,JP,2021-10-20 23:19:15,31.6,131.3667,60.48,68,100,9.04
318,Mehamn,NO,2021-10-20 23:19:15,71.0357,27.8492,34.47,60,100,25.03
319,Gwadar,PK,2021-10-20 23:19:15,25.1216,62.3254,78.21,75,7,5.95
320,Port-Gentil,GA,2021-10-20 23:19:15,-0.7193,8.7815,77.65,85,100,9.71
321,Coquimbo,CL,2021-10-20 23:19:16,-29.9533,-71.3436,56.93,82,20,10.36
322,Masvingo,ZW,2021-10-20 23:19:16,-20.0637,30.8277,56.26,78,0,5.19
323,Kinablangan,PH,2021-10-20 23:19:16,7.6947,126.5503,80.78,76,100,3.76
324,Benalla,AU,2021-10-20 23:19:17,-36.55,145.9833,65.57,73,100,4.5
325,Ojinaga,MX,2021-10-20 23:19:17,29.5667,-104.4167,92.41,27,1,0.0
326,San Patricio,US,2021-10-20 23:16:25,28.017,-97.5169,86.09,58,24,10.0
327,Lavrentiya,RU,2021-10-20 23:17:49,65.5833,-171.0,31.62,98,99,6.87
328,Qeshm,IR,2021-10-20 23:19:17,26.9581,56.2719,78.69,74,2,10.78
329,Basco,PH,2021-10-20 23:19:18,20.4487,121.9702,81.03,72,50,7.58
330,Tautira,PF,2021-10-20 23:17:02,-17.7333,-149.15,80.62,78,80,12.24
331,Opuwo,NA,2021-10-20 23:19:18,-18.0607,13.84,66.7,42,5,2.77
332,Pangkalanbuun,ID,2021-10-20 23:19:19,-2.6833,111.6167,74.7,96,94,0.76
333,Puerto Colombia,CO,2021-10-20 23:14:38,10.9878,-74.9547,77.09,79,88,10.02
334,Verkh-Usugli,RU,2021-10-20 23:19:19,52.7,115.1667,21.31,90,14,3.29
335,Ancud,CL,2021-10-20 23:19:19,-41.8697,-73.8203,53.13,93,100,8.81
336,Zabol,AF,2021-10-20 23:19:20,32.25,67.25,54.52,23,3,4.18
337,Hirado,JP,2021-10-20 23:19:20,33.3597,129.5531,58.35,57,100,7.81
338,Geraldton,AU,2021-10-20 23:19:20,-28.7667,114.6,66.13,77,75,10.36
339,Tankhoy,RU,2021-10-20 23:19:21,51.5528,105.1306,37.76,63,0,5.77
340,Marsaxlokk,MT,2021-10-20 23:19:21,35.8419,14.5431,65.08,94,0,2.3
341,Kununurra,AU,2021-10-20 23:15:03,-15.7667,128.7333,84.18,70,82,3.44
342,Khandyga,RU,2021-10-20 23:17:12,62.6667,135.6,19.35,95,100,1.43
343,Dandong,CN,2021-10-20 23:19:22,40.1292,124.3947,38.25,67,35,4.38
344,Sol-Iletsk,RU,2021-10-20 23:19:22,51.1631,54.9918,32.31,83,27,12.82
345,Namatanai,PG,2021-10-20 23:19:22,-3.6667,152.4333,81.12,80,100,5.55
346,Mitu,CO,2021-10-20 23:19:23,1.1983,-70.1733,73.31,97,100,2.13
347,Mogadishu,SO,2021-10-20 23:17:20,2.0371,45.3438,78.49,81,81,12.37
348,Kungurtug,RU,2021-10-20 23:19:23,50.5994,97.5228,22.66,73,51,3.09
349,Tamandare,BR,2021-10-20 23:19:23,-8.7597,-35.1047,77.7,85,8,8.25
350,Abu Dhabi,AE,2021-10-20 23:16:10,24.4667,54.3667,84.31,83,6,2.3
351,Mount Gambier,AU,2021-10-20 23:19:24,-37.8333,140.7667,63.61,66,55,6.8
352,Sumbe,AO,2021-10-20 23:19:24,-11.2061,13.8437,75.56,85,100,4.34
353,Pisco,PE,2021-10-20 23:19:24,-13.7,-76.2167,62.65,77,0,19.57
354,Iwanai,JP,2021-10-20 23:19:24,42.9744,140.5089,44.2,93,100,7.9
355,Turayf,SA,2021-10-20 23:19:25,31.6725,38.6637,59.25,58,0,4.61
356,Bac Lieu,VN,2021-10-20 23:19:25,9.285,105.7244,74.86,95,100,6.26
357,Obihiro,JP,2021-10-20 23:15:37,42.9172,143.2044,44.01,100,75,2.3
358,Roald,NO,2021-10-20 23:19:25,62.5833,6.1333,44.74,81,75,17.27
359,Anderson,US,2021-10-20 23:18:33,34.5334,-82.6499,70.43,75,1,1.01
360,Karlstadt,DE,2021-10-20 23:19:26,49.9603,9.7722,61.72,93,100,9.93
361,Nagato,JP,2021-10-20 23:19:26,34.3833,131.2,60.71,65,100,11.03
362,Ormara,PK,2021-10-20 23:19:26,25.2088,64.6357,78.69,74,7,10.13
363,Harper,LR,2021-10-20 23:19:27,4.375,-7.7169,77.99,86,60,8.7
364,Iqaluit,CA,2021-10-20 23:19:27,63.7506,-68.5145,31.73,80,90,4.0
365,Gizo,SB,2021-10-20 23:19:27,-8.103,156.8419,83.79,72,69,3.36
366,San Lazaro,BZ,2021-10-20 23:19:28,18.0387,-88.6622,76.71,94,96,5.03
367,Yar-Sale,RU,2021-10-20 23:19:28,66.8333,70.8333,28.45,85,89,6.17
368,Muros,ES,2021-10-20 23:19:28,42.7762,-9.0603,62.24,94,74,5.95
369,Manokwari,ID,2021-10-20 23:19:29,-0.8667,134.0833,81.32,73,99,4.16
370,Kjollefjord,NO,2021-10-20 23:19:29,70.9457,27.3465,33.84,61,100,24.02
371,Sesimbra,PT,2021-10-20 23:19:29,38.4445,-9.1015,67.26,91,0,7.38
372,Ariquemes,BR,2021-10-20 23:19:29,-9.9133,-63.0408,79.86,75,95,1.77
373,Tuatapere,NZ,2021-10-20 23:19:30,-46.1333,167.6833,52.11,55,93,3.38
374,Nome,US,2021-10-20 23:19:30,64.5011,-165.4064,35.17,93,90,6.91
375,Yaan,NG,2021-10-20 23:19:31,7.3833,8.5667,70.65,90,90,2.33
376,Luena,AO,2021-10-20 23:19:31,-11.7833,19.9167,63.21,87,90,0.45
377,Nanyang,CN,2021-10-20 23:19:31,32.9947,112.5328,47.1,90,83,2.28
378,Krasnoselkup,RU,2021-10-20 23:19:32,65.7,82.4667,32.29,73,99,7.23
379,Huarmey,PE,2021-10-20 23:19:32,-10.0681,-78.1522,65.35,85,77,11.5
380,Caravelas,BR,2021-10-20 23:19:32,-17.7125,-39.2481,70.92,88,100,15.7
381,Murray Bridge,AU,2021-10-20 23:15:06,-35.1167,139.2667,66.45,54,84,5.32
382,Saldanha,ZA,2021-10-20 23:16:42,-33.0117,17.9442,59.05,82,45,18.7
383,Ongandjera,NA,2021-10-20 23:19:33,-17.8833,15.0667,67.08,34,55,7.61
384,Havre-Saint-Pierre,CA,2021-10-20 23:19:33,50.2334,-63.5986,50.0,81,90,3.44
385,Baryshivka,UA,2021-10-20 23:19:33,50.361,31.3217,56.07,57,100,14.65
386,Hobyo,SO,2021-10-20 23:19:34,5.3505,48.5268,77.85,83,83,15.35
387,Kondopoga,RU,2021-10-20 23:19:34,62.2057,34.2614,35.28,98,100,9.57
388,Moscow,RU,2021-10-20 23:18:50,55.7522,37.6156,43.23,86,100,16.13
389,Los Llanos De Aridane,ES,2021-10-20 23:18:48,28.6585,-17.9182,69.55,83,0,10.36
390,Nizhniy Baskunchak,RU,2021-10-20 23:19:34,48.2198,46.8311,36.79,67,8,8.34
391,Touros,BR,2021-10-20 23:19:35,-5.1989,-35.4608,81.5,82,100,9.8
392,Pratapgarh,IN,2021-10-20 23:19:35,24.0333,74.7833,67.03,61,2,5.14
393,Codrington,AU,2021-10-20 23:19:35,-38.2667,141.9667,66.38,61,51,15.05
394,Mugur-Aksy,RU,2021-10-20 23:19:36,50.35,90.5,13.24,69,7,6.33
395,Kaman,IN,2021-10-20 23:19:36,27.65,77.2667,72.79,41,0,4.85
396,Jacarezinho,BR,2021-10-20 23:19:36,-23.1606,-49.9694,64.36,70,86,9.57
397,Husavik,IS,2021-10-20 23:19:37,66.0449,-17.3389,24.71,73,66,13.82
398,Grand Gaube,MU,2021-10-20 23:19:37,-20.0064,57.6608,73.38,75,53,3.0
399,Dinan,FR,2021-10-20 23:19:37,48.4167,-2.25,54.9,77,56,36.71
400,Cilegon,ID,2021-10-20 23:19:38,-6.0174,106.0538,78.69,77,98,2.37
401,Karasjok,NO,2021-10-20 23:19:38,69.4719,25.5112,28.51,91,100,23.22
402,Hualmay,PE,2021-10-20 23:19:38,-11.0964,-77.6139,65.39,82,68,12.53
403,Lebedinyy,RU,2021-10-20 23:19:39,58.5167,125.5167,24.62,95,100,7.58
404,Bourg-En-Bresse,FR,2021-10-20 23:19:39,46.1667,5.1667,66.34,74,94,19.95
405,Kyren,RU,2021-10-20 23:19:39,51.6828,102.1408,31.14,69,3,2.75
406,Liku,ID,2021-10-20 23:19:40,-0.7275,119.8922,77.65,90,100,0.83
407,Punta Gorda,US,2021-10-20 23:19:40,26.9298,-82.0454,82.99,61,1,5.75
408,Aripuana,BR,2021-10-20 23:19:41,-9.1667,-60.6333,79.18,72,78,1.19
409,Tupik,RU,2021-10-20 23:19:41,54.4253,119.9327,24.46,83,92,3.71
410,Urusha,RU,2021-10-20 23:19:41,54.05,122.9,28.98,65,99,3.24
411,Hohhot,CN,2021-10-20 23:17:30,40.8106,111.6522,21.49,73,0,4.47
412,Lashio,MM,2021-10-20 23:19:42,22.9333,97.75,65.52,100,83,1.01
413,Esperance,AU,2021-10-20 23:19:42,-33.8667,121.9,59.22,76,10,18.19
414,Idenao,CM,2021-10-20 23:19:42,4.2475,9.0047,77.04,87,100,3.15
415,Sabang,ID,2021-10-20 23:18:54,5.8933,95.3214,81.12,71,99,0.11
416,Bathsheba,BB,2021-10-20 23:19:43,13.2167,-59.5167,83.01,78,40,21.85
417,Catuday,PH,2021-10-20 23:19:43,16.2923,119.8062,79.14,84,88,7.29
418,Kloulklubed,PW,2021-10-20 23:15:49,7.0419,134.2556,81.1,75,100,5.28
419,Portland,US,2021-10-20 23:15:52,45.5234,-122.6762,64.09,68,75,1.99
420,Decatur,US,2021-10-20 23:17:35,39.8403,-88.9548,73.71,60,1,17.27
421,Lauterbach,DE,2021-10-20 23:19:44,50.6333,9.4,59.95,86,100,14.7
422,Bandarbeyla,SO,2021-10-20 23:19:44,9.4942,50.8122,76.53,84,36,6.51
423,La Romana,DO,2021-10-20 23:15:09,18.4273,-68.9728,82.13,89,40,0.0
424,Soc Trang,VN,2021-10-20 23:19:44,9.6033,105.98,75.16,97,100,4.32
425,Truckee,US,2021-10-20 23:14:50,39.328,-120.1833,64.02,70,40,9.22
426,Areka,ET,2021-10-20 23:19:45,7.0667,37.7,63.23,59,98,5.19
427,The Valley,AI,2021-10-20 23:15:52,18.217,-63.0578,82.54,83,40,9.22
428,Manado,ID,2021-10-20 23:19:45,1.487,124.8455,79.57,94,20,1.14
429,Ternate,ID,2021-10-20 23:19:45,0.8,127.4,81.66,77,30,3.42
430,Yerbogachen,RU,2021-10-20 23:19:46,61.2767,108.0108,33.98,92,100,9.48
431,Bubaque,GW,2021-10-20 23:16:28,11.2833,-15.8333,82.54,78,100,12.77
432,Atar,MR,2021-10-20 23:16:22,20.5169,-13.0499,82.94,16,3,10.18
433,Kurumkan,RU,2021-10-20 23:19:46,54.3,110.3,29.44,81,24,3.49
434,Sambava,MG,2021-10-20 23:19:46,-14.2667,50.1667,69.19,89,55,6.2
435,Koulamoutou,GA,2021-10-20 23:19:47,-1.1303,12.4736,70.21,100,100,1.83
436,San Francisco De Becerra,HN,2021-10-20 23:19:47,14.6333,-86.1,85.8,91,60,4.14
437,Avanigadda,IN,2021-10-20 23:19:47,16.0215,80.9181,76.01,91,51,4.85
438,Kiama,AU,2021-10-20 23:19:48,-34.6833,150.8667,70.38,76,56,6.51
439,Tonekabon,IR,2021-10-20 23:19:48,36.8163,50.8738,58.95,95,100,8.77
440,Parvatipuram,IN,2021-10-20 23:19:48,18.7833,83.4333,74.08,90,87,3.11
441,Paamiut,GL,2021-10-20 23:16:26,61.994,-49.6678,36.01,58,0,3.2
442,Pimenta Bueno,BR,2021-10-20 23:19:01,-11.6725,-61.1936,83.32,58,93,1.28
443,Rorvik,NO,2021-10-20 23:19:49,64.8621,11.2373,48.24,75,100,24.34
444,Carutapera,BR,2021-10-20 23:19:49,-1.195,-46.02,79.36,78,13,7.14
445,Chulman,RU,2021-10-20 23:19:50,56.8479,124.9104,22.17,97,89,3.8
446,Sarangani,PH,2021-10-20 23:19:50,5.4033,125.4636,82.04,73,100,2.66
447,Volta Redonda,BR,2021-10-20 23:19:50,-22.5231,-44.1042,59.79,97,100,3.78
448,Briancon,FR,2021-10-20 23:19:50,44.9,6.65,49.37,94,38,5.75
449,Bud,US,2021-10-20 23:19:51,39.447,-86.1758,67.91,67,32,9.28
450,San Luis,AR,2021-10-20 23:16:37,-33.295,-66.3356,72.32,26,4,9.06
451,Mendoza,AR,2021-10-20 23:16:03,-32.8908,-68.8272,78.33,36,20,3.44
452,Ribeira Brava,PT,2021-10-20 23:19:51,32.65,-17.0667,74.03,80,100,6.8
453,Kamaishi,JP,2021-10-20 23:19:51,39.2667,141.8833,49.15,66,6,8.16
454,Vila Franca Do Campo,PT,2021-10-20 23:19:52,37.7167,-25.4333,63.01,74,51,2.13
455,Xuddur,SO,2021-10-20 23:19:52,4.1213,43.8894,72.99,83,100,13.98
456,Camopi,GF,2021-10-20 23:19:52,3.1655,-52.3158,79.14,73,99,5.97
457,Te Anau,NZ,2021-10-20 23:19:53,-45.4167,167.7167,48.43,71,72,2.48
458,Peniche,PT,2021-10-20 23:19:53,39.3558,-9.3811,66.61,94,3,9.15
459,Rio Branco,BR,2021-10-20 23:18:32,-9.9747,-67.81,84.81,70,0,3.44
460,Abu Samrah,SY,2021-10-20 23:19:53,35.3029,37.1841,62.89,67,0,4.94
461,Nizhniy Tsasuchey,RU,2021-10-20 23:19:54,50.5167,115.1333,28.89,76,0,7.45
462,Praia,CV,2021-10-20 23:17:19,14.9215,-23.5087,81.14,54,0,19.57
463,Norman Wells,CA,2021-10-20 23:19:54,65.282,-126.8329,37.44,65,75,10.36
464,Hargeysa,SO,2021-10-20 23:19:54,9.56,44.065,69.12,41,56,5.86
465,Gat,IL,2021-10-20 23:19:55,31.61,34.7642,69.4,100,30,2.33
466,Alihe,CN,2021-10-20 23:19:55,50.5667,123.7167,27.97,83,40,2.95
467,Bulgan,MN,2021-10-20 23:19:55,48.8125,103.5347,30.65,49,0,1.77
468,Andenes,NO,2021-10-20 23:19:56,69.3143,16.1194,31.06,86,100,27.63
469,Komsomolskiy,UZ,2021-10-20 23:16:11,40.4272,71.7189,56.12,44,97,9.22
470,Wanning,CN,2021-10-20 23:15:52,18.8003,110.3967,77.22,91,79,0.78
471,Felsberg,DE,2021-10-20 23:19:56,51.1333,9.4167,61.88,82,90,14.97
472,Tongren,CN,2021-10-20 23:19:56,27.7172,109.1853,50.72,95,100,2.24
473,Cochrane,CA,2021-10-20 23:15:06,51.1834,-114.4687,48.42,61,75,12.66
474,Natal,BR,2021-10-20 23:19:57,-5.795,-35.2094,81.25,83,40,9.22
475,Udachnyy,RU,2021-10-20 23:17:55,66.4167,112.4,35.71,99,100,18.57
476,Bafoulabe,ML,2021-10-20 23:19:57,13.8065,-10.8321,83.05,53,100,2.35
477,Alyangula,AU,2021-10-20 23:19:58,-13.8483,136.4192,83.8,67,59,14.09
478,Buenavista,PH,2021-10-20 23:19:58,8.9769,125.4089,77.49,88,100,0.76
479,Broken Hill,AU,2021-10-20 23:19:39,-31.95,141.4333,74.66,25,30,15.03
480,Buraydah,SA,2021-10-20 23:19:58,26.326,43.975,75.65,30,0,8.81
481,Road Town,VG,2021-10-20 23:19:58,18.4167,-64.6167,82.2,94,20,0.0
482,Atherton,GB,2021-10-20 23:19:59,53.5237,-2.4935,50.7,94,51,1.01
483,Talnakh,RU,2021-10-20 23:19:59,69.4865,88.3972,27.45,95,100,13.4
484,Casper,US,2021-10-20 23:18:02,42.8666,-106.3131,52.39,54,1,17.27
485,Vitim,RU,2021-10-20 23:19:59,59.4511,112.5578,35.69,98,100,9.04
486,Belyy Yar,RU,2021-10-20 23:20:00,53.6039,91.3903,21.09,100,76,2.24
487,Qasigiannguit,GL,2021-10-20 23:20:00,68.8193,-51.1922,26.85,79,100,3.13
488,Daro,GN,2021-10-20 23:20:01,8.5185,-9.569,68.95,100,100,1.9
489,Viedma,AR,2021-10-20 23:20:01,-40.8135,-62.9967,62.17,47,0,17.25
490,Santa Maria,BR,2021-10-20 23:15:16,-29.6842,-53.8069,61.57,71,48,7.02
491,Agadez,NE,2021-10-20 23:20:02,19.75,10.25,81.91,14,26,6.89
492,Waipawa,NZ,2021-10-20 23:20:03,-41.4122,175.5153,59.04,64,100,7.65
493,Deputatskiy,RU,2021-10-20 23:20:03,69.3,139.9,-0.24,98,100,1.86
494,Nha Trang,VN,2021-10-20 23:16:40,12.25,109.1833,75.2,89,100,3.8
495,Bilibino,RU,2021-10-20 23:18:16,68.0546,166.4372,2.32,95,100,2.59
496,Coahuayana,MX,2021-10-20 23:20:04,18.7333,-103.6833,87.28,77,39,4.56
497,Mitsamiouli,KM,2021-10-20 23:20:05,-11.3847,43.2844,76.24,78,99,0.78
498,Chapada Dos Guimaraes,BR,2021-10-20 23:20:06,-15.4606,-55.7497,82.06,60,81,4.41
499,Olean,US,2021-10-20 23:20:06,42.0776,-78.4297,63.28,78,29,4.68
500,Dalvik,IS,2021-10-20 23:20:07,65.9702,-18.5286,24.73,67,41,8.81
501,Saint Anthony,US,2021-10-20 23:20:07,45.0205,-93.218,55.54,92,90,1.01
502,Isangel,VU,2021-10-20 23:20:08,-19.55,169.2667,84.31,74,100,8.05
503,Kieta,PG,2021-10-20 23:20:08,-6.2167,155.6333,83.46,75,81,3.33
504,Udarnyy,RU,2021-10-20 23:20:08,54.3409,42.8611,33.1,86,100,13.6
505,Kruisfontein,ZA,2021-10-20 23:20:08,-34.0033,24.7314,60.21,71,48,2.59
506,Port Lincoln,AU,2021-10-20 23:20:09,-34.7333,135.8667,63.21,75,68,11.88
507,Pozo Colorado,PY,2021-10-20 23:20:09,-23.4923,-58.7972,74.05,43,0,6.93
508,Ocampo,MX,2021-10-20 23:20:09,21.65,-101.5,76.28,36,1,8.95
509,Kushima,JP,2021-10-20 23:20:10,31.4583,131.2333,60.84,70,100,5.23
510,Taybad,IR,2021-10-20 23:20:10,34.74,60.7756,55.58,46,0,14.43
511,Nioro,GM,2021-10-20 23:18:08,13.35,-15.75,76.69,82,25,6.44
512,Kyaikto,MM,2021-10-20 23:20:11,17.3,97.0167,75.88,93,48,1.59
513,Bonthe,SL,2021-10-20 23:20:11,7.5264,-12.505,77.94,87,100,6.38
514,Rongcheng,CN,2021-10-20 23:20:11,30.634,117.8517,49.89,93,100,2.24
515,Visnes,NO,2021-10-20 23:20:12,59.3556,5.2242,46.58,81,75,18.41
516,Dingle,PH,2021-10-20 23:20:12,10.9995,122.6711,78.73,89,66,4.61
517,Mata,PT,2021-10-20 23:20:12,40.683,-7.4592,56.8,97,13,3.56
518,Batemans Bay,AU,2021-10-20 23:20:13,-35.7167,150.1833,71.2,75,95,4.56
519,Benidorm,ES,2021-10-20 23:20:13,38.5382,-0.131,69.78,59,100,8.12
520,Lorengau,PG,2021-10-20 23:16:29,-2.0226,147.2712,84.27,70,72,7.38
521,Kovdor,RU,2021-10-20 23:20:13,67.5662,30.4758,29.08,94,100,13.18
522,Muriwai Beach,NZ,2021-10-20 23:20:14,-36.8167,174.45,62.76,86,100,13.6
523,Myanaung,MM,2021-10-20 23:20:14,18.2833,95.3167,74.01,93,75,1.88
524,Port Moresby,PG,2021-10-20 23:20:14,-9.4431,147.1797,83.05,72,95,1.52
525,Koslan,RU,2021-10-20 23:20:15,63.4564,48.8989,27.79,78,92,6.96
526,Leh,IN,2021-10-20 23:16:19,34.1667,77.5833,40.57,44,0,3.71
527,Marzuq,YE,2021-10-20 23:20:15,14.4,46.4667,73.24,56,75,1.34
528,Ambon,ID,2021-10-20 23:20:07,-3.6954,128.1814,84.34,89,20,3.44
529,San Quintin,MX,2021-10-20 23:20:15,30.4833,-115.95,67.15,66,0,14.56
530,Zyryanka,RU,2021-10-20 23:20:16,65.75,150.85,-0.83,83,48,5.17
531,Madrid,ES,2021-10-20 23:17:00,40.4165,-3.7026,68.23,69,0,7.0
532,Puerto Quijarro,BO,2021-10-20 23:20:16,-17.7833,-57.7667,85.78,30,26,0.94
533,Juneau,US,2021-10-20 23:15:19,58.3019,-134.4197,50.0,87,90,16.11
534,Klaksvik,FO,2021-10-20 23:20:16,62.2266,-6.589,41.92,65,82,35.03
535,Vitina,BA,2021-10-20 23:19:07,43.2375,17.4839,45.97,91,16,2.44
536,Biak,ID,2021-10-20 23:20:17,-0.9131,122.8766,79.81,70,82,1.99
537,Alpine,US,2021-10-20 23:20:17,32.835,-116.7664,75.27,51,1,5.99
538,Kismayo,SO,2021-10-20 23:20:17,-0.3582,42.5454,77.59,81,100,10.67
539,Ahuimanu,US,2021-10-20 23:20:18,21.4447,-157.8378,84.78,48,20,12.66
540,Aliwal North,ZA,2021-10-20 23:20:18,-30.6937,26.7114,60.73,35,88,3.24
541,Imeni Poliny Osipenko,RU,2021-10-20 23:20:18,52.4201,136.4853,20.25,88,49,4.81
542,Xixiang,CN,2021-10-20 23:20:18,35.1628,112.865,48.45,83,0,6.44
543,Pitea,SE,2021-10-20 23:20:19,65.3172,21.4794,33.1,97,100,12.5
544,Alice Springs,AU,2021-10-20 23:19:41,-23.7,133.8833,76.55,31,0,11.5
545,Yelan-Koleno,RU,2021-10-20 23:20:19,51.1523,41.2306,40.33,48,98,14.14
546,Sawakin,SD,2021-10-20 23:20:19,19.1059,37.3321,80.58,75,12,8.68
547,Nampa,US,2021-10-20 23:20:20,43.5407,-116.5635,69.91,33,1,6.91
548,Adrar,MR,2021-10-20 23:20:20,20.5022,-10.0711,77.04,19,5,11.61
549,Skjervoy,NO,2021-10-20 23:17:40,70.0311,20.9714,32.29,76,100,25.1
550,Ugoofaaru,MV,2021-10-20 23:20:20,5.6667,73.0,81.66,72,82,11.03
551,Sinnar,SD,2021-10-20 23:20:21,13.5691,33.5672,84.72,41,32,7.54
552,Kajaani,FI,2021-10-20 23:20:21,64.2273,27.7285,33.85,100,90,5.75
553,Ranot,TH,2021-10-20 23:20:21,7.7777,100.3213,79.88,80,98,7.34
554,Ferkessedougou,CI,2021-10-20 23:20:22,9.6,-5.2,74.53,88,91,4.52
555,Puerto Escondido,MX,2021-10-20 23:20:22,15.85,-97.0667,79.63,69,90,6.91
556,Mangalia,RO,2021-10-20 23:20:22,43.8,28.5833,55.09,76,3,12.17
557,Bolshoye Nagatkino,RU,2021-10-20 23:20:22,54.5196,47.9679,32.97,72,95,7.87
558,Tres Picos,MX,2021-10-20 23:20:23,15.8667,-93.5333,79.36,88,100,1.1
559,Mwinilunga,ZM,2021-10-20 23:20:23,-11.7358,24.4293,65.8,73,96,2.28
560,Bela Vista De Goias,BR,2021-10-20 23:20:23,-16.9728,-48.9533,76.35,83,67,3.36
561,Honningsvag,NO,2021-10-20 23:20:24,70.9821,25.9704,35.87,61,100,29.73
562,Cayenne,GF,2021-10-20 23:20:24,4.9333,-52.3333,83.08,81,0,3.0
563,Ixtapa,MX,2021-10-20 23:20:24,20.7,-105.2,87.03,66,75,8.05
564,Luangwa,ZM,2021-10-20 23:20:25,-15.6167,30.4167,72.79,62,20,9.13
565,Stornoway,GB,2021-10-20 23:20:25,58.2093,-6.3865,44.56,81,75,18.41
566,Amapa,BR,2021-10-20 23:20:25,1.0,-52.0,81.43,61,62,5.68
567,Severo-Kurilsk,RU,2021-10-20 23:20:25,50.6789,156.125,36.07,63,81,22.91
568,Anchorage,US,2021-10-20 23:16:56,61.2181,-149.9003,44.42,85,90,1.01
569,Teguldet,RU,2021-10-20 23:20:26,57.3064,88.1667,35.37,82,76,5.12
570,Medea,DZ,2021-10-20 23:20:26,36.2642,2.7539,50.45,42,1,7.52
571,Gumdag,TM,2021-10-20 23:20:26,39.2061,54.5906,57.22,51,97,9.75
572,Forbes,AU,2021-10-20 23:20:27,-33.3833,148.0167,71.92,45,100,6.29
573,Ostrovnoy,RU,2021-10-20 23:20:27,68.0531,39.5131,32.13,73,100,16.64
574,Petropolis,RU,2021-10-20 23:20:27,59.8944,30.2642,55.54,91,90,8.95
575,Saravan,AM,2021-10-20 23:20:28,39.7196,45.6483,34.45,78,45,5.41
576,Batie,BF,2021-10-20 23:20:28,9.8833,-2.9167,76.69,81,98,2.75
577,La Sarre,CA,2021-10-20 23:20:28,48.8002,-79.1996,38.05,84,100,4.61
578,Marsh Harbour,BS,2021-10-20 23:20:29,26.5412,-77.0636,79.16,61,88,15.75
579,Mersing,MY,2021-10-20 23:20:29,2.4312,103.8405,73.31,100,71,4.61
580,Oda,JP,2021-10-20 23:17:21,35.1833,132.5,48.97,64,100,8.93
581,Lazaro Cardenas,MX,2021-10-20 23:17:39,17.9583,-102.2,83.48,77,96,4.81
582,Atambua,ID,2021-10-20 23:20:29,-9.1061,124.8925,80.17,69,93,0.65
